node_id,cluster,color_hex
90106037,-1,#CCCCCC
90107947,-1,#CCCCCC
90166547,-1,#CCCCCC
90167280,2,#88B28B
95789280,-1,#CCCCCC
254002227,-1,#CCCCCC
633283292,-1,#CCCCCC
994611276,-1,#CCCCCC
994611524,-1,#CCCCCC
1013701799,-1,#CCCCCC
1013734675,-1,#CCCCCC
1013765733,-1,#CCCCCC
1013779065,-1,#CCCCCC
1013781726,-1,#CCCCCC
1013793678,-1,#CCCCCC
1015923557,-1,#CCCCCC
1015923592,1,#D9985E
1202869217,1,#D9985E
1436384695,0,#A4653E
1436384696,0,#A4653E
1436384703,0,#A4653E
1436384718,-1,#CCCCCC
1436384719,0,#A4653E
1436384735,0,#A4653E
1436384752,0,#A4653E
1459084716,-1,#CCCCCC
1459084836,-1,#CCCCCC
1467992024,0,#A4653E
1468045835,-1,#CCCCCC
1585327329,0,#A4653E
1585334974,0,#A4653E
1585733263,0,#A4653E
1585733281,0,#A4653E
1585733296,0,#A4653E
1585733305,0,#A4653E
1585733327,0,#A4653E
1585733331,0,#A4653E
1585733332,0,#A4653E
1585733372,0,#A4653E
1585733378,0,#A4653E
1585733386,0,#A4653E
1585733414,0,#A4653E
1585733428,0,#A4653E
1585733437,0,#A4653E
1585733504,0,#A4653E
1585733525,0,#A4653E
1585733526,0,#A4653E
1585733541,0,#A4653E
1585733542,0,#A4653E
1585733543,0,#A4653E
1585733550,0,#A4653E
1585733573,0,#A4653E
1585733574,0,#A4653E
1585733590,0,#A4653E
1585733603,0,#A4653E
1585733616,0,#A4653E
1585778903,-1,#CCCCCC
1585811054,0,#A4653E
1585843032,-1,#CCCCCC
1585843044,-1,#CCCCCC
1586514577,0,#A4653E
1586514628,0,#A4653E
1586514648,0,#A4653E
1586514670,0,#A4653E
1586515207,0,#A4653E
1597238155,-1,#CCCCCC
1597238178,-1,#CCCCCC
1597238211,-1,#CCCCCC
1597238214,-1,#CCCCCC
1597238342,-1,#CCCCCC
1597761772,0,#A4653E
1597761799,0,#A4653E
1597761859,0,#A4653E
1597761950,0,#A4653E
1597761976,0,#A4653E
1597788957,0,#A4653E
1597864714,0,#A4653E
1597864780,0,#A4653E
1597864810,0,#A4653E
1597864900,0,#A4653E
1617860593,0,#A4653E
1617860623,0,#A4653E
1617868248,0,#A4653E
1617868343,0,#A4653E
1617868345,0,#A4653E
1617873108,0,#A4653E
1626954338,0,#A4653E
1634610220,3,#69A8B2
1634610233,3,#69A8B2
1634610244,3,#69A8B2
1634610248,3,#69A8B2
1634610255,3,#69A8B2
1634610275,3,#69A8B2
1634610285,3,#69A8B2
1634610293,3,#69A8B2
1634610294,3,#69A8B2
1634610305,3,#69A8B2
1634610315,3,#69A8B2
1634610332,3,#69A8B2
1634610369,3,#69A8B2
1634610391,-1,#CCCCCC
1634610400,-1,#CCCCCC
1634610421,-1,#CCCCCC
1634610429,-1,#CCCCCC
1634610447,-1,#CCCCCC
1634610452,-1,#CCCCCC
1634610465,-1,#CCCCCC
1634610468,-1,#CCCCCC
1634610470,-1,#CCCCCC
1634610504,-1,#CCCCCC
1634610511,-1,#CCCCCC
1634610514,-1,#CCCCCC
1634610547,2,#88B28B
1634610549,3,#69A8B2
1634610552,2,#88B28B
1634610558,3,#69A8B2
1634610559,2,#88B28B
1634610577,2,#88B28B
1634610579,3,#69A8B2
1634610580,3,#69A8B2
1634610582,2,#88B28B
1634610587,2,#88B28B
1634610589,3,#69A8B2
1634610599,2,#88B28B
1634610600,3,#69A8B2
1634610615,2,#88B28B
1634610629,3,#69A8B2
1634610633,3,#69A8B2
1634610649,2,#88B28B
1634610656,2,#88B28B
1634610658,2,#88B28B
1634610660,2,#88B28B
1634610674,2,#88B28B
1634610695,2,#88B28B
1634610697,2,#88B28B
1634610706,2,#88B28B
1634610725,2,#88B28B
1634610734,2,#88B28B
1634610735,2,#88B28B
1634610754,2,#88B28B
1634610758,2,#88B28B
1634610775,2,#88B28B
1634610794,-1,#CCCCCC
1634610804,2,#88B28B
1634610808,2,#88B28B
1634610811,2,#88B28B
1634610823,2,#88B28B
1634610895,2,#88B28B
1634610897,2,#88B28B
1634610945,2,#88B28B
1634610948,2,#88B28B
1634610956,2,#88B28B
1634610986,2,#88B28B
1634611015,2,#88B28B
1634611033,2,#88B28B
1634611037,2,#88B28B
1634611039,2,#88B28B
1634611055,2,#88B28B
1634611079,2,#88B28B
1634611091,2,#88B28B
1634611098,-1,#CCCCCC
1634611132,2,#88B28B
1634611149,2,#88B28B
1634611200,2,#88B28B
1634611216,-1,#CCCCCC
1634611252,2,#88B28B
1634611255,2,#88B28B
1634611273,-1,#CCCCCC
1664563716,-1,#CCCCCC
1803982328,-1,#CCCCCC
1846799426,-1,#CCCCCC
1848042693,-1,#CCCCCC
1848042695,-1,#CCCCCC
1848042698,-1,#CCCCCC
1848042710,-1,#CCCCCC
1848042725,-1,#CCCCCC
1848042734,-1,#CCCCCC
1848042735,-1,#CCCCCC
1848087989,-1,#CCCCCC
1851928138,-1,#CCCCCC
1904051646,-1,#CCCCCC
1904132239,-1,#CCCCCC
1904132251,-1,#CCCCCC
1904132273,-1,#CCCCCC
1998670952,3,#69A8B2
1998670954,4,#B2879C
1998670956,-1,#CCCCCC
1998670958,-1,#CCCCCC
1998670966,-1,#CCCCCC
1998670968,-1,#CCCCCC
1998670970,-1,#CCCCCC
1998670975,-1,#CCCCCC
1998670988,-1,#CCCCCC
1998670992,-1,#CCCCCC
1998670993,-1,#CCCCCC
1998671000,3,#69A8B2
1998671002,-1,#CCCCCC
1998671003,-1,#CCCCCC
1998671012,-1,#CCCCCC
1998671013,-1,#CCCCCC
1998671016,1,#D9985E
1998671017,-1,#CCCCCC
1998671019,-1,#CCCCCC
1998671020,1,#D9985E
1998671024,1,#D9985E
1998671027,3,#69A8B2
1998671028,1,#D9985E
1998671030,-1,#CCCCCC
1998671038,1,#D9985E
1998671040,-1,#CCCCCC
1998671041,3,#69A8B2
1998671049,3,#69A8B2
1998671050,3,#69A8B2
1998671062,1,#D9985E
1998671072,2,#88B28B
1998671074,2,#88B28B
1998671083,1,#D9985E
1998671088,2,#88B28B
1998671089,2,#88B28B
1998671100,-1,#CCCCCC
1998671103,-1,#CCCCCC
2033282487,-1,#CCCCCC
2033282493,-1,#CCCCCC
2033282503,-1,#CCCCCC
2033282504,-1,#CCCCCC
2033392509,-1,#CCCCCC
2033392511,-1,#CCCCCC
2033392520,-1,#CCCCCC
2033392529,-1,#CCCCCC
2083539176,-1,#CCCCCC
2083562174,1,#D9985E
2083576769,-1,#CCCCCC
2112372806,-1,#CCCCCC
2112372813,-1,#CCCCCC
2112372842,-1,#CCCCCC
2112372854,-1,#CCCCCC
2112372949,-1,#CCCCCC
2112372957,-1,#CCCCCC
2112383363,-1,#CCCCCC
2231979910,-1,#CCCCCC
2231979911,-1,#CCCCCC
2231979943,-1,#CCCCCC
2231979946,-1,#CCCCCC
2231979949,-1,#CCCCCC
2231979953,-1,#CCCCCC
2231979958,1,#D9985E
2231979966,-1,#CCCCCC
2231979968,3,#69A8B2
2231979975,-1,#CCCCCC
2231979988,1,#D9985E
2231979993,-1,#CCCCCC
2231979994,1,#D9985E
2231980009,1,#D9985E
2231980018,1,#D9985E
2231980037,1,#D9985E
2231980042,2,#88B28B
2231980044,-1,#CCCCCC
2231980045,1,#D9985E
2231980052,-1,#CCCCCC
2231980053,2,#88B28B
2231980056,-1,#CCCCCC
2231980073,-1,#CCCCCC
2231980086,2,#88B28B
2231980088,2,#88B28B
2231980095,2,#88B28B
2231980101,2,#88B28B
2231980110,2,#88B28B
2231980113,2,#88B28B
2231980119,2,#88B28B
2231980128,2,#88B28B
2231980129,2,#88B28B
2231980132,2,#88B28B
2231980145,2,#88B28B
2231980149,2,#88B28B
2231980156,-1,#CCCCCC
2231980162,2,#88B28B
2231980184,2,#88B28B
2283974270,-1,#CCCCCC
2486686566,0,#A4653E
2486686593,0,#A4653E
2486692025,0,#A4653E
2486692028,0,#A4653E
2689683462,-1,#CCCCCC
2689683464,4,#B2879C
2689683467,4,#B2879C
2689683469,4,#B2879C
2689683476,-1,#CCCCCC
2689683480,3,#69A8B2
2689683484,3,#69A8B2
2689683487,1,#D9985E
2689683499,-1,#CCCCCC
2847987127,-1,#CCCCCC
2848237773,-1,#CCCCCC
2914188800,1,#D9985E
2914192405,1,#D9985E
2914192409,1,#D9985E
2914192410,1,#D9985E
2914192413,1,#D9985E
2914192417,1,#D9985E
2914192419,1,#D9985E
2914192424,1,#D9985E
2914192430,1,#D9985E
2914192431,1,#D9985E
2925701958,-1,#CCCCCC
2984886020,2,#88B28B
3086214059,2,#88B28B
3086271452,2,#88B28B
3086271453,2,#88B28B
3086271454,2,#88B28B
3086271455,2,#88B28B
3086271473,2,#88B28B
3141382852,3,#69A8B2
3141382866,-1,#CCCCCC
3141382867,4,#B2879C
3141382868,4,#B2879C
3141382870,4,#B2879C
3141382873,-1,#CCCCCC
3141394607,1,#D9985E
3141394613,1,#D9985E
3141394617,1,#D9985E
3141394623,-1,#CCCCCC
3141394627,-1,#CCCCCC
3141394729,4,#B2879C
3141394730,4,#B2879C
3141394733,4,#B2879C
3141394734,4,#B2879C
3141394737,4,#B2879C
3141394738,4,#B2879C
3141394739,4,#B2879C
3141394753,-1,#CCCCCC
3141394754,2,#88B28B
3141394758,2,#88B28B
3141394759,2,#88B28B
3141394768,-1,#CCCCCC
3141394769,4,#B2879C
3141395148,4,#B2879C
3141415718,2,#88B28B
3141416664,3,#69A8B2
3141416667,2,#88B28B
3141416673,2,#88B28B
3141416678,2,#88B28B
3141416679,2,#88B28B
3141416680,2,#88B28B
3141416684,-1,#CCCCCC
3141416685,2,#88B28B
3141416687,2,#88B28B
3141416690,2,#88B28B
3141416713,2,#88B28B
3141416718,2,#88B28B
3141416719,2,#88B28B
3141434302,3,#69A8B2
3141434305,-1,#CCCCCC
3142055071,2,#88B28B
3142055076,2,#88B28B
3143517424,2,#88B28B
3143533461,4,#B2879C
3143533467,4,#B2879C
3143533474,4,#B2879C
3143533475,4,#B2879C
3143533476,4,#B2879C
3143533479,3,#69A8B2
3143533480,3,#69A8B2
3143533481,3,#69A8B2
3143533483,3,#69A8B2
3143533484,3,#69A8B2
3143533486,3,#69A8B2
3143533487,3,#69A8B2
3143533488,3,#69A8B2
3143533489,4,#B2879C
3143533498,4,#B2879C
3143533505,4,#B2879C
3143533506,4,#B2879C
3143533508,4,#B2879C
3143533511,4,#B2879C
3143533512,3,#69A8B2
3143533513,4,#B2879C
3143533518,4,#B2879C
3143533519,4,#B2879C
3143533520,4,#B2879C
3143533521,4,#B2879C
3143533523,4,#B2879C
3143533526,4,#B2879C
3143533527,4,#B2879C
3143533528,4,#B2879C
3143534029,4,#B2879C
3143534030,4,#B2879C
3143534033,4,#B2879C
3143534054,3,#69A8B2
3143540045,-1,#CCCCCC
3143540050,-1,#CCCCCC
3143540051,-1,#CCCCCC
3143540058,-1,#CCCCCC
3143540060,3,#69A8B2
3143540068,3,#69A8B2
3143540069,3,#69A8B2
3143540075,4,#B2879C
3143540083,4,#B2879C
3143551369,4,#B2879C
3143551371,4,#B2879C
3143551372,4,#B2879C
3143551384,-1,#CCCCCC
3143551386,1,#D9985E
3143551396,1,#D9985E
3143551426,1,#D9985E
3143551911,2,#88B28B
3143551920,2,#88B28B
3143553691,-1,#CCCCCC
3143554074,2,#88B28B
3143554076,2,#88B28B
3143554087,-1,#CCCCCC
3143556777,2,#88B28B
3143562330,2,#88B28B
3143562337,2,#88B28B
3143562338,2,#88B28B
3143566006,2,#88B28B
3143566007,2,#88B28B
3143566008,2,#88B28B
3143566617,2,#88B28B
3143566621,2,#88B28B
3143578392,-1,#CCCCCC
3143578395,-1,#CCCCCC
3143578427,1,#D9985E
3143581680,1,#D9985E
3143581682,1,#D9985E
3143582340,2,#88B28B
3143582342,2,#88B28B
3143582343,2,#88B28B
3143582346,2,#88B28B
3143582350,2,#88B28B
3143588061,3,#69A8B2
3143588064,3,#69A8B2
3143588815,3,#69A8B2
3143588816,3,#69A8B2
3143588824,3,#69A8B2
3143588833,3,#69A8B2
3143589115,3,#69A8B2
3143589116,3,#69A8B2
3143589528,-1,#CCCCCC
3143589854,3,#69A8B2
3143589855,3,#69A8B2
3143589856,3,#69A8B2
3143589857,3,#69A8B2
3143591230,3,#69A8B2
3143591249,3,#69A8B2
3143591250,3,#69A8B2
3143593010,-1,#CCCCCC
3143594729,3,#69A8B2
3143597510,4,#B2879C
3143597511,4,#B2879C
3143597518,4,#B2879C
3143597522,4,#B2879C
3143597525,4,#B2879C
3143597526,4,#B2879C
3143597528,4,#B2879C
3143602834,4,#B2879C
3143602843,-1,#CCCCCC
3143602854,4,#B2879C
3143602856,4,#B2879C
3143602860,-1,#CCCCCC
3143602861,1,#D9985E
3143602864,1,#D9985E
3143602882,1,#D9985E
3143605434,3,#69A8B2
3143605440,3,#69A8B2
3143607797,-1,#CCCCCC
3143607802,-1,#CCCCCC
3143607803,-1,#CCCCCC
3143607808,-1,#CCCCCC
3143608506,4,#B2879C
3143608511,-1,#CCCCCC
3143608512,-1,#CCCCCC
3143608518,-1,#CCCCCC
3143609201,2,#88B28B
3143609206,2,#88B28B
3143609209,2,#88B28B
3143609212,2,#88B28B
3143609213,2,#88B28B
3143609214,2,#88B28B
3143609217,2,#88B28B
3143609218,2,#88B28B
3143609423,1,#D9985E
3143609895,4,#B2879C
3143609896,-1,#CCCCCC
3143609897,4,#B2879C
3143609900,-1,#CCCCCC
3143609901,4,#B2879C
3143609904,4,#B2879C
3143609907,-1,#CCCCCC
3143609908,-1,#CCCCCC
3143609912,4,#B2879C
3143609914,4,#B2879C
3143609919,3,#69A8B2
3143609922,-1,#CCCCCC
3143609923,-1,#CCCCCC
3143609925,-1,#CCCCCC
3143609928,-1,#CCCCCC
3143610529,-1,#CCCCCC
3143657959,1,#D9985E
3143657962,1,#D9985E
3143657964,1,#D9985E
3143657965,1,#D9985E
3143657966,1,#D9985E
3143682513,1,#D9985E
3143682517,1,#D9985E
3143684528,4,#B2879C
3143693629,1,#D9985E
3143693630,1,#D9985E
3143693638,1,#D9985E
3143696084,4,#B2879C
3143696085,4,#B2879C
3143696086,4,#B2879C
3143696087,4,#B2879C
3143696088,4,#B2879C
3143696090,-1,#CCCCCC
3143696093,-1,#CCCCCC
3143696094,-1,#CCCCCC
3143696095,-1,#CCCCCC
3143696104,4,#B2879C
3143696730,4,#B2879C
3143696733,4,#B2879C
3143696734,-1,#CCCCCC
3143696735,-1,#CCCCCC
3143697309,-1,#CCCCCC
3143697310,4,#B2879C
3143697311,4,#B2879C
3143697312,4,#B2879C
3143699817,4,#B2879C
3143699822,4,#B2879C
3143701996,4,#B2879C
3143701999,4,#B2879C
3143702003,4,#B2879C
3143706104,4,#B2879C
3143706106,4,#B2879C
3143706107,4,#B2879C
3143706112,4,#B2879C
3143707562,4,#B2879C
3143711780,3,#69A8B2
3143711783,3,#69A8B2
3143711784,3,#69A8B2
3143711787,3,#69A8B2
3143711939,3,#69A8B2
3143711943,3,#69A8B2
3143711944,3,#69A8B2
3143711950,3,#69A8B2
3143712760,4,#B2879C
3143712764,4,#B2879C
3143716207,4,#B2879C
3143716209,4,#B2879C
3143716210,4,#B2879C
3143716211,4,#B2879C
3143716213,4,#B2879C
3143718222,4,#B2879C
3143718224,4,#B2879C
3143721079,3,#69A8B2
3143721830,3,#69A8B2
3143721839,3,#69A8B2
3143721840,3,#69A8B2
3143721841,3,#69A8B2
3143721849,3,#69A8B2
3143721850,-1,#CCCCCC
3143721851,-1,#CCCCCC
3143721852,-1,#CCCCCC
3143722835,3,#69A8B2
3143724806,-1,#CCCCCC
3143727859,-1,#CCCCCC
3143728805,-1,#CCCCCC
3143728807,-1,#CCCCCC
3143728812,-1,#CCCCCC
3143728815,-1,#CCCCCC
3143728817,-1,#CCCCCC
3143729095,-1,#CCCCCC
3143729099,-1,#CCCCCC
3143730273,3,#69A8B2
3143730277,3,#69A8B2
3143730280,3,#69A8B2
3143735960,3,#69A8B2
3143738333,3,#69A8B2
3143747113,2,#88B28B
3143747117,2,#88B28B
3143747118,2,#88B28B
3143748230,2,#88B28B
3143748235,2,#88B28B
3143748239,-1,#CCCCCC
3143748789,2,#88B28B
3143749576,-1,#CCCCCC
3143749618,2,#88B28B
3143749619,2,#88B28B
3143749621,2,#88B28B
3143751230,2,#88B28B
3143751231,2,#88B28B
3143751233,2,#88B28B
3143751240,2,#88B28B
3143751243,2,#88B28B
3143751652,2,#88B28B
3143751677,2,#88B28B
3143753833,2,#88B28B
3143753838,2,#88B28B
3143757531,2,#88B28B
3143757532,2,#88B28B
3143757533,2,#88B28B
3143757535,2,#88B28B
3143760329,2,#88B28B
3143760330,2,#88B28B
3143761683,2,#88B28B
3143761685,2,#88B28B
3143761686,2,#88B28B
3143763489,2,#88B28B
3143763490,2,#88B28B
3143768450,1,#D9985E
3143769589,1,#D9985E
3143769591,1,#D9985E
3143769592,1,#D9985E
3143769593,1,#D9985E
3143769594,1,#D9985E
3143771728,1,#D9985E
3143771827,1,#D9985E
3143771828,1,#D9985E
3143772030,1,#D9985E
3143772031,1,#D9985E
3143772032,1,#D9985E
3143772956,1,#D9985E
3143772960,1,#D9985E
3143772990,1,#D9985E
3143772992,1,#D9985E
3143773487,1,#D9985E
3143775230,1,#D9985E
3143775231,1,#D9985E
3143775557,1,#D9985E
3143775560,1,#D9985E
3143775561,1,#D9985E
3143775565,1,#D9985E
3143775566,1,#D9985E
3143776246,1,#D9985E
3143776895,3,#69A8B2
3143776958,-1,#CCCCCC
3143776961,-1,#CCCCCC
3143776965,-1,#CCCCCC
3143777136,1,#D9985E
3143777139,1,#D9985E
3143778259,4,#B2879C
3143778260,3,#69A8B2
3143778261,3,#69A8B2
3143779755,3,#69A8B2
3143783929,2,#88B28B
3143783930,2,#88B28B
3143783931,2,#88B28B
3143783932,2,#88B28B
3143783935,2,#88B28B
3143791914,2,#88B28B
3143791915,2,#88B28B
3143791917,2,#88B28B
3170511931,-1,#CCCCCC
3170511936,-1,#CCCCCC
3170511965,-1,#CCCCCC
3170511967,-1,#CCCCCC
3170511969,-1,#CCCCCC
3396536218,-1,#CCCCCC
3396536240,-1,#CCCCCC
3641502993,-1,#CCCCCC
3641558840,-1,#CCCCCC
3641558842,-1,#CCCCCC
3641558844,-1,#CCCCCC
3643541823,0,#A4653E
3643541829,0,#A4653E
3643541833,0,#A4653E
3643541853,0,#A4653E
3643541864,0,#A4653E
3643541888,0,#A4653E
3643541889,0,#A4653E
3643541891,0,#A4653E
3643541893,0,#A4653E
3643541907,0,#A4653E
3643541909,0,#A4653E
3643958207,-1,#CCCCCC
3643958211,0,#A4653E
3643958224,-1,#CCCCCC
3643958248,-1,#CCCCCC
3643958290,0,#A4653E
3644015668,0,#A4653E
3644015676,0,#A4653E
3644015677,0,#A4653E
3644015685,0,#A4653E
3644015686,0,#A4653E
3644015689,0,#A4653E
3644097978,0,#A4653E
3644097979,0,#A4653E
3644097985,0,#A4653E
3644114046,0,#A4653E
3644114049,0,#A4653E
3646822457,-1,#CCCCCC
3646822458,-1,#CCCCCC
3646822502,1,#D9985E
3646822503,1,#D9985E
3646822504,1,#D9985E
3646822505,1,#D9985E
3646822506,1,#D9985E
3646822507,1,#D9985E
3646822508,1,#D9985E
3646822509,1,#D9985E
3646822510,1,#D9985E
3646822511,1,#D9985E
3646822512,1,#D9985E
3646822539,2,#88B28B
3646822635,-1,#CCCCCC
3646822660,-1,#CCCCCC
3728654463,4,#B2879C
3874384863,3,#69A8B2
3874384864,3,#69A8B2
3874444725,3,#69A8B2
3874444726,3,#69A8B2
3992407820,-1,#CCCCCC
4008829441,-1,#CCCCCC
4008829442,-1,#CCCCCC
4111159322,-1,#CCCCCC
4324907480,-1,#CCCCCC
4324907481,-1,#CCCCCC
4324907482,-1,#CCCCCC
4324907483,-1,#CCCCCC
4324907484,-1,#CCCCCC
4324921988,-1,#CCCCCC
4324921989,-1,#CCCCCC
4324921990,-1,#CCCCCC
4403899349,2,#88B28B
4452305295,-1,#CCCCCC
4648378072,-1,#CCCCCC
4648399371,2,#88B28B
4858386466,-1,#CCCCCC
4858386469,-1,#CCCCCC
4860486808,-1,#CCCCCC
4860486809,-1,#CCCCCC
4860486810,1,#D9985E
4860486811,1,#D9985E
4860486812,3,#69A8B2
4860486813,-1,#CCCCCC
4860486814,2,#88B28B
4860486815,3,#69A8B2
4860486818,-1,#CCCCCC
4860486819,3,#69A8B2
4860487429,-1,#CCCCCC
4860487431,-1,#CCCCCC
4860487434,-1,#CCCCCC
4860487437,1,#D9985E
4860572944,1,#D9985E
4860572950,1,#D9985E
4860572966,-1,#CCCCCC
4860573007,-1,#CCCCCC
4860573011,-1,#CCCCCC
4860573013,2,#88B28B
4860653187,0,#A4653E
4860653192,0,#A4653E
4860653193,0,#A4653E
4860653198,0,#A4653E
4860653199,0,#A4653E
4860653203,0,#A4653E
4860653204,0,#A4653E
4860653208,0,#A4653E
4860653209,0,#A4653E
4906321236,2,#88B28B
4910925601,-1,#CCCCCC
4910925603,-1,#CCCCCC
4910925612,2,#88B28B
4910987669,1,#D9985E
4910987670,1,#D9985E
4910987680,1,#D9985E
4910987681,1,#D9985E
4910987689,1,#D9985E
4910987690,1,#D9985E
4910987835,-1,#CCCCCC
4910987836,-1,#CCCCCC
4910987842,-1,#CCCCCC
4910987843,-1,#CCCCCC
4910987851,-1,#CCCCCC
4910987852,-1,#CCCCCC
4910987859,-1,#CCCCCC
4910987860,-1,#CCCCCC
4911008461,4,#B2879C
4911008462,4,#B2879C
4911008469,4,#B2879C
4911008470,4,#B2879C
4911008478,3,#69A8B2
4911008488,3,#69A8B2
4911008489,3,#69A8B2
4911008514,3,#69A8B2
4911008516,-1,#CCCCCC
4911008518,3,#69A8B2
4911008520,3,#69A8B2
4911008822,3,#69A8B2
4911008827,3,#69A8B2
4911008828,3,#69A8B2
4911008829,3,#69A8B2
4911008841,3,#69A8B2
4911008842,3,#69A8B2
4911008843,3,#69A8B2
4911020599,3,#69A8B2
4911020600,3,#69A8B2
4911020605,3,#69A8B2
4911020606,3,#69A8B2
4911058053,2,#88B28B
4911058054,2,#88B28B
4911058059,2,#88B28B
4911058060,2,#88B28B
4911058065,2,#88B28B
4911058066,2,#88B28B
4911058071,3,#69A8B2
4911058072,3,#69A8B2
4911058073,3,#69A8B2
4911058074,3,#69A8B2
4911058090,3,#69A8B2
4911058091,3,#69A8B2
4911058096,3,#69A8B2
4911058097,3,#69A8B2
4911058108,2,#88B28B
4911058109,2,#88B28B
4911058114,2,#88B28B
4911058115,2,#88B28B
4911058120,1,#D9985E
4911059721,1,#D9985E
4911059726,1,#D9985E
4911059727,1,#D9985E
4911059734,-1,#CCCCCC
4911059737,-1,#CCCCCC
4911059740,-1,#CCCCCC
4911059741,-1,#CCCCCC
4911087660,-1,#CCCCCC
4911087661,-1,#CCCCCC
4911087671,3,#69A8B2
4911087672,-1,#CCCCCC
4911087673,-1,#CCCCCC
4911087675,2,#88B28B
4911087676,2,#88B28B
4911141709,3,#69A8B2
4911141710,3,#69A8B2
4911147425,3,#69A8B2
4911147426,3,#69A8B2
4911147427,3,#69A8B2
4911147436,3,#69A8B2
4911147437,3,#69A8B2
4911147438,3,#69A8B2
4911147439,3,#69A8B2
4911147440,3,#69A8B2
4911147441,3,#69A8B2
4911147442,3,#69A8B2
4911147443,3,#69A8B2
4911147444,4,#B2879C
4911168295,4,#B2879C
4911168296,4,#B2879C
4911168302,4,#B2879C
4911168303,4,#B2879C
4911168304,4,#B2879C
4911168305,4,#B2879C
4911183501,2,#88B28B
4911366039,2,#88B28B
4911366041,2,#88B28B
4911426834,2,#88B28B
4911446743,2,#88B28B
4911503739,1,#D9985E
4911646435,2,#88B28B
4911659921,3,#69A8B2
4911659941,4,#B2879C
4911659944,4,#B2879C
4912928501,2,#88B28B
4912928502,2,#88B28B
4912928503,2,#88B28B
4912928504,2,#88B28B
4912978525,2,#88B28B
4912978526,2,#88B28B
4912978527,1,#D9985E
4912978528,1,#D9985E
4912978535,1,#D9985E
4913101145,2,#88B28B
4913101147,2,#88B28B
4913101167,2,#88B28B
4913101174,-1,#CCCCCC
4913101175,-1,#CCCCCC
4913127037,3,#69A8B2
4913127038,3,#69A8B2
4913347354,-1,#CCCCCC
4913347358,-1,#CCCCCC
4913381933,4,#B2879C
4913381934,4,#B2879C
4913381936,4,#B2879C
4913408576,4,#B2879C
4913408577,1,#D9985E
4913408581,1,#D9985E
4913408582,1,#D9985E
4913408583,1,#D9985E
4913408586,1,#D9985E
4913432542,1,#D9985E
4913432543,1,#D9985E
4913432544,2,#88B28B
4913432545,2,#88B28B
4913432546,2,#88B28B
4913432547,2,#88B28B
4913432554,3,#69A8B2
4913432555,3,#69A8B2
4913432564,3,#69A8B2
4913432565,3,#69A8B2
4913432566,2,#88B28B
4913432567,2,#88B28B
4913688931,-1,#CCCCCC
4913688935,2,#88B28B
4913688936,2,#88B28B
4913688937,2,#88B28B
4913688940,-1,#CCCCCC
4913688941,2,#88B28B
4913688946,3,#69A8B2
4913688953,2,#88B28B
4913688954,2,#88B28B
4913688955,2,#88B28B
4913688956,2,#88B28B
4913701971,2,#88B28B
4914849574,4,#B2879C
4914849575,4,#B2879C
4914885882,4,#B2879C
4914957859,-1,#CCCCCC
4914957862,-1,#CCCCCC
4915051072,1,#D9985E
4915051075,1,#D9985E
4915051076,1,#D9985E
4915382068,4,#B2879C
4915382069,4,#B2879C
4915382071,4,#B2879C
4915406324,-1,#CCCCCC
4915406325,-1,#CCCCCC
4915529803,2,#88B28B
4915529804,2,#88B28B
4915529805,2,#88B28B
4915529806,2,#88B28B
5749972533,-1,#CCCCCC
5749972548,-1,#CCCCCC
5756965831,-1,#CCCCCC
5757030843,2,#88B28B
5758984332,1,#D9985E
5759321025,-1,#CCCCCC
5759321032,2,#88B28B
5759321033,2,#88B28B
5759321037,-1,#CCCCCC
5759321040,-1,#CCCCCC
5759345354,3,#69A8B2
5759345355,3,#69A8B2
5759345356,3,#69A8B2
5759345362,-1,#CCCCCC
5759359813,-1,#CCCCCC
5759359820,-1,#CCCCCC
5759360327,-1,#CCCCCC
5759360334,-1,#CCCCCC
5759360345,-1,#CCCCCC
5759360348,-1,#CCCCCC
5759360350,-1,#CCCCCC
5759429932,4,#B2879C
5759448921,4,#B2879C
5759448924,-1,#CCCCCC
5759455251,-1,#CCCCCC
5759455264,3,#69A8B2
5759455267,-1,#CCCCCC
5759460275,3,#69A8B2
5759460276,3,#69A8B2
5759460286,3,#69A8B2
5759460299,3,#69A8B2
5759460303,3,#69A8B2
5759460310,3,#69A8B2
5759460311,3,#69A8B2
5799872341,0,#A4653E
5963871639,0,#A4653E
5963871642,0,#A4653E
5963871663,0,#A4653E
5963871664,0,#A4653E
5963871670,0,#A4653E
5980086014,-1,#CCCCCC
5994094825,-1,#CCCCCC
5994098976,-1,#CCCCCC
5994098977,-1,#CCCCCC
6130595991,-1,#CCCCCC
6130595998,-1,#CCCCCC
6130595999,-1,#CCCCCC
6130596000,-1,#CCCCCC
6130596003,-1,#CCCCCC
6130596006,-1,#CCCCCC
6130596007,-1,#CCCCCC
6399275087,-1,#CCCCCC
6399275104,-1,#CCCCCC
6401092434,3,#69A8B2
6401092437,1,#D9985E
6401092441,1,#D9985E
6401092447,1,#D9985E
6401092448,1,#D9985E
6401092464,1,#D9985E
6401092469,1,#D9985E
6401092487,1,#D9985E
6401092490,1,#D9985E
6401092502,1,#D9985E
6401092503,1,#D9985E
6401092504,1,#D9985E
6401092505,1,#D9985E
6401092506,1,#D9985E
6401092507,1,#D9985E
6401092508,1,#D9985E
6401092509,1,#D9985E
6401092510,1,#D9985E
6401092511,1,#D9985E
6401092512,1,#D9985E
6401092513,1,#D9985E
6401092520,1,#D9985E
6401092546,1,#D9985E
6401092561,1,#D9985E
6401092562,2,#88B28B
6401092563,2,#88B28B
6401092564,2,#88B28B
6401092565,2,#88B28B
6401092566,2,#88B28B
6401092570,1,#D9985E
6401092571,1,#D9985E
6401092572,1,#D9985E
6401092576,1,#D9985E
6401092577,1,#D9985E
6401092579,1,#D9985E
6401104509,2,#88B28B
6401104510,-1,#CCCCCC
6401104511,3,#69A8B2
6401104512,-1,#CCCCCC
6401104513,-1,#CCCCCC
6401104529,-1,#CCCCCC
6401104545,-1,#CCCCCC
6401104547,-1,#CCCCCC
6401104548,-1,#CCCCCC
6401104552,-1,#CCCCCC
6401104557,-1,#CCCCCC
6401104558,-1,#CCCCCC
6401104562,-1,#CCCCCC
6401104563,-1,#CCCCCC
6401104568,-1,#CCCCCC
6401104569,-1,#CCCCCC
6401104570,-1,#CCCCCC
6401104571,-1,#CCCCCC
6401104573,-1,#CCCCCC
6401104574,-1,#CCCCCC
6401104575,-1,#CCCCCC
6401104578,-1,#CCCCCC
6401104579,-1,#CCCCCC
6401104580,-1,#CCCCCC
6401104581,-1,#CCCCCC
6401105485,-1,#CCCCCC
6401105486,-1,#CCCCCC
6401105487,-1,#CCCCCC
6401105488,-1,#CCCCCC
6401105489,-1,#CCCCCC
6401105490,-1,#CCCCCC
6401105491,-1,#CCCCCC
6401105492,-1,#CCCCCC
6401105493,-1,#CCCCCC
6401105494,-1,#CCCCCC
6401105496,-1,#CCCCCC
6401105501,-1,#CCCCCC
6401105525,-1,#CCCCCC
6401105538,-1,#CCCCCC
6401131963,2,#88B28B
6401131964,2,#88B28B
6401131965,2,#88B28B
6401131966,2,#88B28B
6401131967,2,#88B28B
6401131968,2,#88B28B
6401131970,2,#88B28B
6401133789,2,#88B28B
6401133795,2,#88B28B
6401148887,-1,#CCCCCC
6401148892,-1,#CCCCCC
6412330800,-1,#CCCCCC
6412330823,-1,#CCCCCC
6412330833,-1,#CCCCCC
6412330840,-1,#CCCCCC
6412330841,-1,#CCCCCC
6412330842,-1,#CCCCCC
6412330846,-1,#CCCCCC
6412330847,-1,#CCCCCC
6412330867,-1,#CCCCCC
6412330875,-1,#CCCCCC
6412330879,-1,#CCCCCC
6412331889,-1,#CCCCCC
6412331900,3,#69A8B2
6412331901,-1,#CCCCCC
6412331902,-1,#CCCCCC
6412331903,2,#88B28B
6412331904,2,#88B28B
6412351598,-1,#CCCCCC
6412351608,-1,#CCCCCC
6412351619,-1,#CCCCCC
6412351631,-1,#CCCCCC
6412351650,-1,#CCCCCC
6412351661,-1,#CCCCCC
6412351671,-1,#CCCCCC
6412351681,-1,#CCCCCC
6412351689,-1,#CCCCCC
6412351698,-1,#CCCCCC
6412351707,-1,#CCCCCC
6412351715,-1,#CCCCCC
6412351720,-1,#CCCCCC
6412351724,-1,#CCCCCC
6412364274,-1,#CCCCCC
6412364275,-1,#CCCCCC
6412364276,-1,#CCCCCC
6412364283,-1,#CCCCCC
6412365397,-1,#CCCCCC
6412365406,-1,#CCCCCC
6412365407,-1,#CCCCCC
6412365409,3,#69A8B2
6412365431,-1,#CCCCCC
6412365444,-1,#CCCCCC
6412365462,-1,#CCCCCC
6412365464,-1,#CCCCCC
6412365472,-1,#CCCCCC
6412365473,-1,#CCCCCC
6412365474,-1,#CCCCCC
6412365475,-1,#CCCCCC
6412405260,3,#69A8B2
6412405265,3,#69A8B2
6412406502,3,#69A8B2
6412406508,3,#69A8B2
6412406511,3,#69A8B2
6412406512,3,#69A8B2
6412406513,3,#69A8B2
6412406516,3,#69A8B2
6412406517,3,#69A8B2
6412406518,3,#69A8B2
6412406519,3,#69A8B2
6412406520,3,#69A8B2
6412406521,-1,#CCCCCC
6412406526,-1,#CCCCCC
6412406548,3,#69A8B2
6412406549,3,#69A8B2
6412406550,3,#69A8B2
6412406551,3,#69A8B2
6412406556,3,#69A8B2
6412406574,-1,#CCCCCC
6412406576,-1,#CCCCCC
6412406584,-1,#CCCCCC
6412406585,-1,#CCCCCC
6412406586,3,#69A8B2
6412406587,3,#69A8B2
6412421451,2,#88B28B
6412421453,2,#88B28B
6412421454,2,#88B28B
6412421455,2,#88B28B
6412421456,2,#88B28B
6412421457,2,#88B28B
6412421458,2,#88B28B
6412421459,2,#88B28B
6412421460,2,#88B28B
6412421461,2,#88B28B
6412421462,2,#88B28B
6412421463,2,#88B28B
6412421464,2,#88B28B
6412421465,2,#88B28B
6412421466,2,#88B28B
6412421467,2,#88B28B
6412421992,2,#88B28B
6412427183,2,#88B28B
6412427690,2,#88B28B
6412427721,2,#88B28B
6412427757,2,#88B28B
6412427768,2,#88B28B
6412427783,2,#88B28B
6412450442,2,#88B28B
6412450458,2,#88B28B
6412450459,2,#88B28B
6412450460,2,#88B28B
6412450461,2,#88B28B
6412450462,2,#88B28B
6412450476,2,#88B28B
6412450478,2,#88B28B
6412467861,-1,#CCCCCC
6412467862,-1,#CCCCCC
6412467863,-1,#CCCCCC
6412467864,-1,#CCCCCC
6412467866,-1,#CCCCCC
6412467868,-1,#CCCCCC
6412467869,-1,#CCCCCC
6412467880,-1,#CCCCCC
6412468200,-1,#CCCCCC
6412468206,-1,#CCCCCC
6412468207,-1,#CCCCCC
6412468230,-1,#CCCCCC
6412468231,-1,#CCCCCC
6412468232,-1,#CCCCCC
6412468233,-1,#CCCCCC
6412468235,-1,#CCCCCC
6412468236,-1,#CCCCCC
6412468260,-1,#CCCCCC
6412468261,-1,#CCCCCC
6412490757,-1,#CCCCCC
6412490758,-1,#CCCCCC
6412490779,-1,#CCCCCC
6412490781,-1,#CCCCCC
6412490889,-1,#CCCCCC
6412490934,-1,#CCCCCC
6412490936,-1,#CCCCCC
6412490942,-1,#CCCCCC
6412490943,-1,#CCCCCC
6412490949,-1,#CCCCCC
6412490955,-1,#CCCCCC
6412490982,-1,#CCCCCC
6412490983,-1,#CCCCCC
6412491093,-1,#CCCCCC
6412491104,-1,#CCCCCC
6412491107,-1,#CCCCCC
6412491109,-1,#CCCCCC
6412491111,-1,#CCCCCC
6412491112,-1,#CCCCCC
6412491113,-1,#CCCCCC
6412491116,-1,#CCCCCC
6412491117,-1,#CCCCCC
6412491120,-1,#CCCCCC
6412525453,4,#B2879C
6412525454,4,#B2879C
6412525455,4,#B2879C
6412525456,4,#B2879C
6412525460,-1,#CCCCCC
6412525463,-1,#CCCCCC
6412525464,4,#B2879C
6412525465,4,#B2879C
6412525466,4,#B2879C
6412525467,4,#B2879C
6412525468,4,#B2879C
6412525469,4,#B2879C
6412525885,4,#B2879C
6412525891,4,#B2879C
6412525897,4,#B2879C
6412525898,4,#B2879C
6412525899,4,#B2879C
6412525904,4,#B2879C
6412525906,4,#B2879C
6412525907,4,#B2879C
6412525908,4,#B2879C
6412525909,4,#B2879C
6412525910,-1,#CCCCCC
6412525911,-1,#CCCCCC
6412525912,-1,#CCCCCC
6412525913,-1,#CCCCCC
6412525914,-1,#CCCCCC
6412525915,-1,#CCCCCC
6412525916,4,#B2879C
6416930793,0,#A4653E
6416930794,0,#A4653E
6416930798,0,#A4653E
6416930800,-1,#CCCCCC
6416954645,3,#69A8B2
6416954648,3,#69A8B2
6416954649,3,#69A8B2
6416954650,3,#69A8B2
6416954657,3,#69A8B2
6416954664,3,#69A8B2
6416954665,3,#69A8B2
6416954666,3,#69A8B2
6416954669,3,#69A8B2
6416965221,-1,#CCCCCC
6416965227,-1,#CCCCCC
6416965237,-1,#CCCCCC
6416965243,-1,#CCCCCC
6416965246,-1,#CCCCCC
6416965269,-1,#CCCCCC
6416965275,-1,#CCCCCC
6416965488,-1,#CCCCCC
6416965491,3,#69A8B2
6416965496,-1,#CCCCCC
6416965497,-1,#CCCCCC
6416965499,-1,#CCCCCC
6416965500,-1,#CCCCCC
6416965501,-1,#CCCCCC
6417080310,0,#A4653E
6417080346,0,#A4653E
6417080352,0,#A4653E
6429181890,-1,#CCCCCC
6439809476,2,#88B28B
6439809477,2,#88B28B
6443547181,2,#88B28B
6443797463,-1,#CCCCCC
6443797464,-1,#CCCCCC
6443797606,1,#D9985E
6443797615,1,#D9985E
6443797616,1,#D9985E
6443797617,1,#D9985E
6444030258,0,#A4653E
6444052207,0,#A4653E
6444052241,0,#A4653E
6446428641,-1,#CCCCCC
6446428642,-1,#CCCCCC
6446428646,-1,#CCCCCC
6446428650,-1,#CCCCCC
6446428651,-1,#CCCCCC
6446428655,-1,#CCCCCC
6446428659,-1,#CCCCCC
6446428660,-1,#CCCCCC
6446433489,-1,#CCCCCC
6446433499,-1,#CCCCCC
6446433511,-1,#CCCCCC
6446433516,-1,#CCCCCC
6446433535,-1,#CCCCCC
6446433549,-1,#CCCCCC
6446433562,-1,#CCCCCC
6446433563,-1,#CCCCCC
6446433565,4,#B2879C
6446433566,4,#B2879C
6446433567,4,#B2879C
6446433572,4,#B2879C
6446433573,4,#B2879C
6446433578,4,#B2879C
6446433584,4,#B2879C
6446433585,4,#B2879C
6446433586,4,#B2879C
6446433587,4,#B2879C
6446433588,4,#B2879C
6446433589,4,#B2879C
6446433592,4,#B2879C
6446433593,4,#B2879C
6446433612,4,#B2879C
6446433613,3,#69A8B2
6446433618,3,#69A8B2
6446433619,3,#69A8B2
6446433620,3,#69A8B2
6446433621,3,#69A8B2
6446433622,3,#69A8B2
6446433626,3,#69A8B2
6446433630,3,#69A8B2
6446622520,3,#69A8B2
6446622521,3,#69A8B2
6446622522,3,#69A8B2
6446622525,3,#69A8B2
6446622528,3,#69A8B2
6446622529,3,#69A8B2
6446622530,3,#69A8B2
6446622532,3,#69A8B2
6446622568,3,#69A8B2
6446622569,3,#69A8B2
6446622570,3,#69A8B2
6446622571,3,#69A8B2
6446622572,3,#69A8B2
6525011761,3,#69A8B2
6525011766,3,#69A8B2
6525011767,3,#69A8B2
6525011769,3,#69A8B2
6525023899,-1,#CCCCCC
6525023905,-1,#CCCCCC
6525023915,-1,#CCCCCC
6525023923,-1,#CCCCCC
6525086291,3,#69A8B2
6525086292,3,#69A8B2
6525094970,3,#69A8B2
6525094979,3,#69A8B2
6525094980,3,#69A8B2
6525105591,3,#69A8B2
6525105593,-1,#CCCCCC
6525582437,1,#D9985E
6525582444,1,#D9985E
6525582449,1,#D9985E
6525585910,1,#D9985E
6558236230,3,#69A8B2
6558375648,2,#88B28B
6558375653,2,#88B28B
6558375654,2,#88B28B
6558501446,1,#D9985E
6558501455,1,#D9985E
6558501466,1,#D9985E
6558508075,4,#B2879C
6558508076,4,#B2879C
6558508079,4,#B2879C
6558575541,3,#69A8B2
6558575545,3,#69A8B2
6558583664,2,#88B28B
6558583669,2,#88B28B
6561098388,-1,#CCCCCC
6561098395,-1,#CCCCCC
6561183073,2,#88B28B
6561183074,2,#88B28B
6577408729,3,#69A8B2
6577408733,3,#69A8B2
6577408734,3,#69A8B2
6577408735,3,#69A8B2
6812862193,-1,#CCCCCC
6838227743,4,#B2879C
6838227757,4,#B2879C
7027448971,3,#69A8B2
7027448972,3,#69A8B2
7140251959,0,#A4653E
7140251962,0,#A4653E
7519381515,-1,#CCCCCC
7519381517,-1,#CCCCCC
7519381518,-1,#CCCCCC
7519389256,3,#69A8B2
7519389259,3,#69A8B2
7519389262,3,#69A8B2
7519389264,3,#69A8B2
7524320782,-1,#CCCCCC
7524327895,1,#D9985E
7524327897,1,#D9985E
7524327898,1,#D9985E
7524327899,-1,#CCCCCC
7524327902,-1,#CCCCCC
7524340085,-1,#CCCCCC
7524340088,-1,#CCCCCC
7524409241,2,#88B28B
7524451984,3,#69A8B2
7524460089,3,#69A8B2
7545627277,3,#69A8B2
7545627279,3,#69A8B2
7545635310,-1,#CCCCCC
7545641852,3,#69A8B2
7650398082,3,#69A8B2
7650398083,3,#69A8B2
7650405047,2,#88B28B
7650405048,2,#88B28B
7650405049,2,#88B28B
7650405050,2,#88B28B
7650418635,3,#69A8B2
7650418636,3,#69A8B2
7738841002,0,#A4653E
7738841003,0,#A4653E
7755879195,2,#88B28B
7760185348,-1,#CCCCCC
7760185349,-1,#CCCCCC
7793253146,2,#88B28B
7793253147,2,#88B28B
7798167197,4,#B2879C
7798167199,4,#B2879C
7904721373,-1,#CCCCCC
7904721377,-1,#CCCCCC
7921750175,0,#A4653E
7921750181,0,#A4653E
7921750184,0,#A4653E
8614759114,-1,#CCCCCC
9183104404,-1,#CCCCCC
9271984692,1,#D9985E
9271984699,1,#D9985E
9271984708,1,#D9985E
9271984714,1,#D9985E
9271987130,1,#D9985E
9514146479,-1,#CCCCCC
9514146486,-1,#CCCCCC
9514146487,-1,#CCCCCC
9514146488,-1,#CCCCCC
9514146489,-1,#CCCCCC
9514146490,-1,#CCCCCC
9514146491,-1,#CCCCCC
9514146493,-1,#CCCCCC
9514146494,-1,#CCCCCC
9514146496,-1,#CCCCCC
9514146497,-1,#CCCCCC
9514146498,-1,#CCCCCC
9514146499,-1,#CCCCCC
9514146500,-1,#CCCCCC
9523684429,0,#A4653E
9523684430,0,#A4653E
9523684431,0,#A4653E
9524029673,-1,#CCCCCC
9524029674,-1,#CCCCCC
9524029675,-1,#CCCCCC
9524029676,-1,#CCCCCC
9524029677,-1,#CCCCCC
9524029680,-1,#CCCCCC
9524029681,-1,#CCCCCC
9524029687,-1,#CCCCCC
9524539167,1,#D9985E
9524539171,1,#D9985E
9644525422,-1,#CCCCCC
9644525423,-1,#CCCCCC
9644525424,-1,#CCCCCC
9644525425,-1,#CCCCCC
9644525429,-1,#CCCCCC
9644525430,-1,#CCCCCC
9650247173,-1,#CCCCCC
9650247176,-1,#CCCCCC
9650247177,-1,#CCCCCC
9650247178,-1,#CCCCCC
9650247179,-1,#CCCCCC
9677345596,1,#D9985E
9677345602,-1,#CCCCCC
9679458706,-1,#CCCCCC
9708345022,4,#B2879C
9899635175,-1,#CCCCCC
9899635176,-1,#CCCCCC
9899635187,-1,#CCCCCC
9899635189,-1,#CCCCCC
9899998790,-1,#CCCCCC
9899998792,-1,#CCCCCC
9899998795,-1,#CCCCCC
9901707019,-1,#CCCCCC
9901707020,-1,#CCCCCC
9907519525,-1,#CCCCCC
9907519526,-1,#CCCCCC
9907519607,-1,#CCCCCC
9907519613,-1,#CCCCCC
9907519614,-1,#CCCCCC
9907519615,-1,#CCCCCC
9907519616,-1,#CCCCCC
9907564417,-1,#CCCCCC
9907564428,-1,#CCCCCC
9907564450,-1,#CCCCCC
9907564459,-1,#CCCCCC
9907564462,-1,#CCCCCC
9907564463,-1,#CCCCCC
9907564464,-1,#CCCCCC
9909324594,0,#A4653E
9909324595,0,#A4653E
9909324596,0,#A4653E
9909593624,0,#A4653E
9909593628,0,#A4653E
9909593629,0,#A4653E
9909593630,0,#A4653E
9909593631,0,#A4653E
9909593632,0,#A4653E
9909593633,0,#A4653E
9909814658,-1,#CCCCCC
9909814659,-1,#CCCCCC
9909814661,-1,#CCCCCC
9909814666,-1,#CCCCCC
9909814667,-1,#CCCCCC
9911023071,-1,#CCCCCC
9911336042,-1,#CCCCCC
9911336236,-1,#CCCCCC
9911336237,-1,#CCCCCC
9911336246,-1,#CCCCCC
9911336249,-1,#CCCCCC
9911336259,-1,#CCCCCC
9911336264,-1,#CCCCCC
9911336269,-1,#CCCCCC
9911336279,-1,#CCCCCC
9911336287,-1,#CCCCCC
9911336306,-1,#CCCCCC
9911336307,-1,#CCCCCC
9911336314,-1,#CCCCCC
9911336317,-1,#CCCCCC
9911336318,-1,#CCCCCC
9911336325,-1,#CCCCCC
9911336354,-1,#CCCCCC
9911336358,-1,#CCCCCC
9911336360,-1,#CCCCCC
9911336361,-1,#CCCCCC
9911336367,-1,#CCCCCC
9911336371,-1,#CCCCCC
9911336374,-1,#CCCCCC
9911398848,-1,#CCCCCC
9911398849,-1,#CCCCCC
9911398868,-1,#CCCCCC
9911398869,-1,#CCCCCC
9911398870,-1,#CCCCCC
9911398871,-1,#CCCCCC
9911398873,-1,#CCCCCC
9911398875,-1,#CCCCCC
9911398876,-1,#CCCCCC
9911398877,-1,#CCCCCC
9911398878,-1,#CCCCCC
9911398879,-1,#CCCCCC
9911398880,-1,#CCCCCC
9911398881,-1,#CCCCCC
9911398882,-1,#CCCCCC
9911398883,-1,#CCCCCC
9911398884,-1,#CCCCCC
9911398885,-1,#CCCCCC
9911398891,-1,#CCCCCC
9911679331,2,#88B28B
9911679348,2,#88B28B
9911679358,-1,#CCCCCC
9911679359,-1,#CCCCCC
9914088468,2,#88B28B
9914088476,2,#88B28B
9914088489,2,#88B28B
9914088490,2,#88B28B
9914139569,2,#88B28B
9914436520,2,#88B28B
9914436524,2,#88B28B
9914436526,2,#88B28B
9914436532,2,#88B28B
9914436533,2,#88B28B
9914436535,2,#88B28B
9916491865,-1,#CCCCCC
9916491871,3,#69A8B2
9916491877,-1,#CCCCCC
9916491891,3,#69A8B2
9916491894,3,#69A8B2
9916491895,3,#69A8B2
9916491898,3,#69A8B2
9916491902,3,#69A8B2
9916491903,3,#69A8B2
9916491907,3,#69A8B2
9916751866,2,#88B28B
9916751867,2,#88B28B
9916751873,2,#88B28B
9916751879,2,#88B28B
9916751883,2,#88B28B
9922072187,2,#88B28B
9922072188,2,#88B28B
9922072189,2,#88B28B
9922072190,2,#88B28B
9922072191,2,#88B28B
9922072192,2,#88B28B
9922072193,2,#88B28B
9922072194,2,#88B28B
9922072195,2,#88B28B
9922072196,2,#88B28B
9922072197,2,#88B28B
9922072198,2,#88B28B
9922072199,2,#88B28B
9922072200,2,#88B28B
9922072209,2,#88B28B
9922072210,2,#88B28B
9922072213,2,#88B28B
9922132231,2,#88B28B
9922132234,2,#88B28B
9922132238,2,#88B28B
9922132246,2,#88B28B
9922132255,2,#88B28B
9922132258,2,#88B28B
9922132265,2,#88B28B
9922132267,2,#88B28B
9922480767,2,#88B28B
9922480777,2,#88B28B
9922480781,2,#88B28B
9922480782,2,#88B28B
9922480783,2,#88B28B
9922480789,2,#88B28B
9922480800,2,#88B28B
9922480807,2,#88B28B
9922480808,2,#88B28B
9922480815,2,#88B28B
9922480816,2,#88B28B
9922502217,2,#88B28B
9922502218,2,#88B28B
9923989316,2,#88B28B
9924004917,2,#88B28B
9924004922,2,#88B28B
9924004924,2,#88B28B
9924004925,2,#88B28B
9924004926,2,#88B28B
9924004929,2,#88B28B
9924004930,2,#88B28B
9924004948,2,#88B28B
9924004952,2,#88B28B
9924004961,2,#88B28B
9924004970,2,#88B28B
9924004991,2,#88B28B
9924004998,2,#88B28B
9924005005,2,#88B28B
9924005006,2,#88B28B
9924005008,2,#88B28B
9924030856,2,#88B28B
9924301183,2,#88B28B
9924724730,1,#D9985E
9924724746,-1,#CCCCCC
9926243406,3,#69A8B2
9926243407,3,#69A8B2
9926243411,3,#69A8B2
9926243412,-1,#CCCCCC
9926295718,3,#69A8B2
9926295719,3,#69A8B2
9926295724,3,#69A8B2
9926295738,3,#69A8B2
9926295742,2,#88B28B
9926295743,2,#88B28B
9926295748,2,#88B28B
9926295753,2,#88B28B
9926295760,2,#88B28B
9926295763,2,#88B28B
9926337074,2,#88B28B
9926337075,2,#88B28B
9926337079,2,#88B28B
9926337085,2,#88B28B
9926337086,2,#88B28B
9926337093,2,#88B28B
9926427784,-1,#CCCCCC
9926427796,-1,#CCCCCC
9926427815,-1,#CCCCCC
9926427816,-1,#CCCCCC
9926441423,2,#88B28B
9926441425,2,#88B28B
9926441431,2,#88B28B
9926441432,2,#88B28B
9926441435,2,#88B28B
9926441436,2,#88B28B
9926441437,2,#88B28B
9926441438,2,#88B28B
9926566463,2,#88B28B
9926566467,2,#88B28B
9926566474,2,#88B28B
9926566479,2,#88B28B
9926566480,2,#88B28B
9926566483,2,#88B28B
9926566487,2,#88B28B
9926566491,2,#88B28B
9926566492,2,#88B28B
9926566496,2,#88B28B
9926566500,2,#88B28B
9926566503,2,#88B28B
9926566507,2,#88B28B
9926566508,2,#88B28B
9926566509,2,#88B28B
9926597125,3,#69A8B2
9926597127,3,#69A8B2
9926597132,2,#88B28B
9926747251,-1,#CCCCCC
9926747259,-1,#CCCCCC
9926747260,-1,#CCCCCC
9926747264,-1,#CCCCCC
9926936086,2,#88B28B
9926936092,2,#88B28B
9926936093,2,#88B28B
9926936101,2,#88B28B
9926936102,2,#88B28B
9926936103,2,#88B28B
9926944140,3,#69A8B2
9926944141,3,#69A8B2
9926944142,3,#69A8B2
9926944144,3,#69A8B2
9926944148,-1,#CCCCCC
9926944152,-1,#CCCCCC
9926944153,-1,#CCCCCC
9926944173,3,#69A8B2
9926944174,3,#69A8B2
9929109939,2,#88B28B
9929109940,2,#88B28B
9929109941,2,#88B28B
9929109948,2,#88B28B
9929109952,2,#88B28B
9929109953,2,#88B28B
9929109954,2,#88B28B
9929109955,2,#88B28B
9929109956,2,#88B28B
9929109957,2,#88B28B
9929204894,3,#69A8B2
9929204898,3,#69A8B2
9929221032,3,#69A8B2
9929221033,3,#69A8B2
9929398176,-1,#CCCCCC
9929398180,-1,#CCCCCC
9929648477,-1,#CCCCCC
9929765715,0,#A4653E
9929817390,-1,#CCCCCC
9929837117,0,#A4653E
9929837120,0,#A4653E
9931244618,-1,#CCCCCC
9931244630,-1,#CCCCCC
9931244631,-1,#CCCCCC
9931244643,-1,#CCCCCC
9931244644,-1,#CCCCCC
9931244650,3,#69A8B2
9931244651,3,#69A8B2
9931244655,3,#69A8B2
9931244659,-1,#CCCCCC
9931244662,-1,#CCCCCC
9931244669,-1,#CCCCCC
9931244674,-1,#CCCCCC
9931244692,3,#69A8B2
9931244707,3,#69A8B2
9931244712,2,#88B28B
9931244716,-1,#CCCCCC
9931244917,-1,#CCCCCC
9931244918,-1,#CCCCCC
9931244921,-1,#CCCCCC
9931244925,-1,#CCCCCC
9931244928,-1,#CCCCCC
9931244929,2,#88B28B
9931244930,2,#88B28B
9931244936,2,#88B28B
9931244937,2,#88B28B
9931244938,2,#88B28B
9931244939,-1,#CCCCCC
9931303727,-1,#CCCCCC
9931303728,-1,#CCCCCC
9931450029,-1,#CCCCCC
9931450032,-1,#CCCCCC
9931450033,-1,#CCCCCC
9931450034,-1,#CCCCCC
9931450035,-1,#CCCCCC
9931450069,-1,#CCCCCC
9931450070,-1,#CCCCCC
9931450071,-1,#CCCCCC
9931450078,-1,#CCCCCC
9931450086,-1,#CCCCCC
9931570331,-1,#CCCCCC
9931570340,-1,#CCCCCC
9931570348,-1,#CCCCCC
9931570358,-1,#CCCCCC
9931570369,-1,#CCCCCC
9931570375,-1,#CCCCCC
9931570390,-1,#CCCCCC
9931698500,0,#A4653E
9931698504,0,#A4653E
9931698506,0,#A4653E
9936871624,0,#A4653E
9936871630,0,#A4653E
9936871637,0,#A4653E
9936871710,0,#A4653E
9936883472,2,#88B28B
9936883474,2,#88B28B
9936883475,2,#88B28B
9936883476,2,#88B28B
9936883477,2,#88B28B
9936883479,2,#88B28B
9936883480,2,#88B28B
9936885064,2,#88B28B
9936885066,2,#88B28B
9936885067,2,#88B28B
9936885071,2,#88B28B
9936885072,2,#88B28B
9936885076,2,#88B28B
9936968477,2,#88B28B
9936968478,2,#88B28B
9936968483,2,#88B28B
9936968491,2,#88B28B
9936968501,2,#88B28B
9936986119,2,#88B28B
9936986120,2,#88B28B
9936986130,2,#88B28B
9936986131,2,#88B28B
9936986132,2,#88B28B
9936986133,2,#88B28B
9936986134,2,#88B28B
9936986140,2,#88B28B
9936986142,2,#88B28B
9936986151,2,#88B28B
9937019218,2,#88B28B
9937019219,2,#88B28B
9937019220,2,#88B28B
9937019226,2,#88B28B
9937019229,2,#88B28B
9937019232,2,#88B28B
9937019233,2,#88B28B
9937019235,2,#88B28B
9937019240,2,#88B28B
9937019241,2,#88B28B
9937019245,2,#88B28B
9937177780,1,#D9985E
9937177789,1,#D9985E
9937177795,1,#D9985E
9937177800,1,#D9985E
9937177808,1,#D9985E
9937217826,1,#D9985E
9937217839,-1,#CCCCCC
9937217843,1,#D9985E
9937217845,-1,#CCCCCC
9937217846,-1,#CCCCCC
9937217850,1,#D9985E
9937217854,1,#D9985E
9937217855,1,#D9985E
9937217861,-1,#CCCCCC
9937217862,-1,#CCCCCC
9937217866,-1,#CCCCCC
9937235141,2,#88B28B
9937304415,2,#88B28B
9937304416,2,#88B28B
9937345183,0,#A4653E
9937345185,0,#A4653E
9937345186,0,#A4653E
9937345187,0,#A4653E
9937345188,0,#A4653E
9937345190,0,#A4653E
9937345201,0,#A4653E
9937354612,0,#A4653E
9937354613,0,#A4653E
9937354619,0,#A4653E
9937446840,0,#A4653E
9937446841,0,#A4653E
9938974615,-1,#CCCCCC
9939008117,-1,#CCCCCC
9939008125,-1,#CCCCCC
9939008130,-1,#CCCCCC
9939008134,-1,#CCCCCC
9939008143,-1,#CCCCCC
9939008144,-1,#CCCCCC
9939275562,0,#A4653E
9939275563,0,#A4653E
9939275608,0,#A4653E
9939275610,0,#A4653E
9939275614,0,#A4653E
9939284919,0,#A4653E
9939284922,0,#A4653E
9939284938,0,#A4653E
9939284939,0,#A4653E
9939284940,0,#A4653E
9939284941,0,#A4653E
9939284964,0,#A4653E
9939284965,0,#A4653E
9939284968,0,#A4653E
9939284969,0,#A4653E
9939284970,0,#A4653E
9939284971,0,#A4653E
9939284974,0,#A4653E
9939284976,0,#A4653E
9939284979,0,#A4653E
9939284980,0,#A4653E
9939284982,0,#A4653E
9939284983,0,#A4653E
9939284985,0,#A4653E
9939284986,0,#A4653E
9939284992,0,#A4653E
9939284993,0,#A4653E
9939284996,0,#A4653E
9939285002,0,#A4653E
9939285003,0,#A4653E
9939285004,0,#A4653E
9939285005,0,#A4653E
9939285006,0,#A4653E
9939285007,0,#A4653E
9939285014,0,#A4653E
9939285015,0,#A4653E
9939285016,0,#A4653E
9939285017,0,#A4653E
9939285024,0,#A4653E
9939311074,-1,#CCCCCC
9939311075,-1,#CCCCCC
9939311076,-1,#CCCCCC
9939311077,-1,#CCCCCC
9939311078,-1,#CCCCCC
9939311079,-1,#CCCCCC
9939311080,-1,#CCCCCC
9939311081,-1,#CCCCCC
9939311082,-1,#CCCCCC
9939311083,-1,#CCCCCC
9939311084,-1,#CCCCCC
9939311085,-1,#CCCCCC
9939311086,-1,#CCCCCC
9939311087,-1,#CCCCCC
9939311088,-1,#CCCCCC
9939311092,-1,#CCCCCC
9939311093,-1,#CCCCCC
9939311094,-1,#CCCCCC
9939311095,-1,#CCCCCC
9939311096,-1,#CCCCCC
9939311097,-1,#CCCCCC
9939311101,-1,#CCCCCC
9939311102,-1,#CCCCCC
9939311103,-1,#CCCCCC
9939420463,-1,#CCCCCC
9939426372,-1,#CCCCCC
9939426373,-1,#CCCCCC
9939426377,-1,#CCCCCC
9939426381,-1,#CCCCCC
9939426387,-1,#CCCCCC
9939546904,0,#A4653E
9939546905,0,#A4653E
9942390213,0,#A4653E
9942810357,0,#A4653E
9942810364,0,#A4653E
9942810376,0,#A4653E
9942810377,0,#A4653E
9942810400,0,#A4653E
9942810402,0,#A4653E
9942810415,0,#A4653E
9942812939,0,#A4653E
9942812980,0,#A4653E
9942812982,0,#A4653E
9942812988,0,#A4653E
9944281466,-1,#CCCCCC
9944281467,-1,#CCCCCC
9944281479,-1,#CCCCCC
9944281612,-1,#CCCCCC
9944281687,-1,#CCCCCC
9944281688,-1,#CCCCCC
9944281730,-1,#CCCCCC
9944281731,-1,#CCCCCC
9944281735,-1,#CCCCCC
9945045401,0,#A4653E
9945094434,0,#A4653E
9945094435,0,#A4653E
9945094441,0,#A4653E
9945094442,0,#A4653E
9945094444,0,#A4653E
9945094446,0,#A4653E
9945094447,0,#A4653E
9945094454,0,#A4653E
9945094455,0,#A4653E
9945094466,0,#A4653E
9947735390,-1,#CCCCCC
9952572485,-1,#CCCCCC
9952572486,-1,#CCCCCC
9952572490,-1,#CCCCCC
9952665244,-1,#CCCCCC
9952665250,-1,#CCCCCC
9954070095,-1,#CCCCCC
9954070096,-1,#CCCCCC
9954100775,1,#D9985E
9954100777,1,#D9985E
9954106363,2,#88B28B
9954133785,3,#69A8B2
9954133786,3,#69A8B2
9954133787,3,#69A8B2
9954133788,3,#69A8B2
9954133789,3,#69A8B2
9954133790,3,#69A8B2
9954133791,3,#69A8B2
9954133792,3,#69A8B2
9954133793,3,#69A8B2
9954133794,3,#69A8B2
9954148873,1,#D9985E
9954148874,1,#D9985E
9954148875,1,#D9985E
9954148876,1,#D9985E
9954148877,1,#D9985E
9954148878,1,#D9985E
9954148879,1,#D9985E
9954148880,1,#D9985E
9954148881,1,#D9985E
9954148882,1,#D9985E
9954148883,1,#D9985E
9954148884,1,#D9985E
9954148885,1,#D9985E
9954148886,1,#D9985E
9954148887,2,#88B28B
9954148888,2,#88B28B
9954148889,2,#88B28B
9954148890,2,#88B28B
9954148891,2,#88B28B
9954148892,2,#88B28B
9954148893,2,#88B28B
9954148894,2,#88B28B
9954148895,2,#88B28B
9954148896,2,#88B28B
9954148897,2,#88B28B
9954157931,-1,#CCCCCC
9954157932,-1,#CCCCCC
9954157933,-1,#CCCCCC
9954157934,-1,#CCCCCC
9954157935,-1,#CCCCCC
9954157936,-1,#CCCCCC
9954157937,-1,#CCCCCC
9954157938,-1,#CCCCCC
9954157939,-1,#CCCCCC
9954157940,-1,#CCCCCC
9954157942,-1,#CCCCCC
9954157943,-1,#CCCCCC
9954157944,-1,#CCCCCC
9954157945,-1,#CCCCCC
9954157946,-1,#CCCCCC
9954219924,-1,#CCCCCC
9954219925,-1,#CCCCCC
9954219926,-1,#CCCCCC
9954219927,-1,#CCCCCC
9954219928,-1,#CCCCCC
9954219929,-1,#CCCCCC
9954219930,-1,#CCCCCC
9954219931,3,#69A8B2
9954219932,3,#69A8B2
9954219933,3,#69A8B2
9954219934,3,#69A8B2
9954219935,3,#69A8B2
9954219936,3,#69A8B2
9954219940,3,#69A8B2
9954219944,3,#69A8B2
9954219945,-1,#CCCCCC
9954219949,-1,#CCCCCC
9954219950,-1,#CCCCCC
9954219952,-1,#CCCCCC
9954219954,-1,#CCCCCC
9954219963,-1,#CCCCCC
9954219967,-1,#CCCCCC
9954260231,-1,#CCCCCC
9954260232,-1,#CCCCCC
9954260239,-1,#CCCCCC
9954260243,-1,#CCCCCC
9954260270,-1,#CCCCCC
9954260271,-1,#CCCCCC
9954260275,-1,#CCCCCC
9954260282,-1,#CCCCCC
9954260292,-1,#CCCCCC
9954321419,-1,#CCCCCC
9954321423,-1,#CCCCCC
9954321424,-1,#CCCCCC
9954321431,-1,#CCCCCC
9954321432,-1,#CCCCCC
9954321441,-1,#CCCCCC
9954321445,-1,#CCCCCC
9954321449,-1,#CCCCCC
9954321451,-1,#CCCCCC
9954336413,2,#88B28B
9954345918,2,#88B28B
9954345923,2,#88B28B
9954345925,2,#88B28B
9954345926,2,#88B28B
9954345929,2,#88B28B
9954345935,2,#88B28B
9954345941,2,#88B28B
9954345947,2,#88B28B
9954345948,2,#88B28B
9954345951,2,#88B28B
9954345954,2,#88B28B
9954345955,2,#88B28B
9954345956,2,#88B28B
9954345957,2,#88B28B
9954345959,2,#88B28B
9954345971,2,#88B28B
9954345974,2,#88B28B
9954508585,2,#88B28B
9954508586,2,#88B28B
9954508587,2,#88B28B
9954508588,2,#88B28B
9954508589,2,#88B28B
9954508590,2,#88B28B
9954508591,2,#88B28B
9954508592,2,#88B28B
9954508593,1,#D9985E
9954508594,1,#D9985E
9954508595,1,#D9985E
9954508596,1,#D9985E
9954508597,-1,#CCCCCC
9954508598,-1,#CCCCCC
9954508599,1,#D9985E
9954508600,1,#D9985E
9954508601,1,#D9985E
9954508602,1,#D9985E
9954508603,1,#D9985E
9954508605,1,#D9985E
9954508606,1,#D9985E
9954769721,-1,#CCCCCC
9954809577,1,#D9985E
9954809578,1,#D9985E
9954809586,1,#D9985E
9954809594,1,#D9985E
9954809600,1,#D9985E
9954809601,1,#D9985E
9954809602,1,#D9985E
9954809603,1,#D9985E
9954809607,1,#D9985E
9954809611,1,#D9985E
9954851817,1,#D9985E
9954851821,1,#D9985E
9954851829,1,#D9985E
9954851830,1,#D9985E
9954851839,1,#D9985E
9954851840,1,#D9985E
9954851843,1,#D9985E
9959377923,0,#A4653E
9959377924,0,#A4653E
9959377926,0,#A4653E
9959377929,0,#A4653E
9959377931,0,#A4653E
9959377933,0,#A4653E
9960789589,3,#69A8B2
9961071962,1,#D9985E
9961071965,1,#D9985E
9961071966,1,#D9985E
9961071970,1,#D9985E
9961107091,1,#D9985E
9961107095,1,#D9985E
9961107096,1,#D9985E
9961107102,1,#D9985E
9961107103,1,#D9985E
9961107104,1,#D9985E
9961287255,1,#D9985E
9961287259,1,#D9985E
9961287260,1,#D9985E
9961287264,1,#D9985E
9961287265,1,#D9985E
9961287274,1,#D9985E
9961287279,1,#D9985E
9961287285,1,#D9985E
9961287300,1,#D9985E
9961287301,1,#D9985E
9961287305,1,#D9985E
9961333522,1,#D9985E
9961333523,1,#D9985E
9961333527,1,#D9985E
9961363757,1,#D9985E
9961517829,4,#B2879C
9961517843,4,#B2879C
9961517844,4,#B2879C
9961517848,-1,#CCCCCC
9961517901,1,#D9985E
9961619907,-1,#CCCCCC
9961654445,-1,#CCCCCC
9967350471,1,#D9985E
9967350472,1,#D9985E
9967350473,1,#D9985E
9967350481,-1,#CCCCCC
9967350499,-1,#CCCCCC
9967350505,1,#D9985E
9967350511,1,#D9985E
9967383417,1,#D9985E
9967383419,1,#D9985E
9967383420,-1,#CCCCCC
9967383428,-1,#CCCCCC
9967383435,1,#D9985E
9967425529,1,#D9985E
9967425533,1,#D9985E
9967425534,1,#D9985E
9967661763,-1,#CCCCCC
9967661767,-1,#CCCCCC
9967661775,-1,#CCCCCC
9967766604,4,#B2879C
9967766605,4,#B2879C
9967766606,4,#B2879C
9967766607,4,#B2879C
9967766611,4,#B2879C
9967766612,4,#B2879C
9967858318,4,#B2879C
9967858319,4,#B2879C
9967858320,4,#B2879C
9967858330,4,#B2879C
9967858331,4,#B2879C
9967858333,4,#B2879C
9967858335,4,#B2879C
9967858336,4,#B2879C
9967858337,4,#B2879C
9967858338,4,#B2879C
9967858339,4,#B2879C
9967858340,-1,#CCCCCC
9967858352,4,#B2879C
9967858353,4,#B2879C
9967858354,4,#B2879C
9967858355,4,#B2879C
9967858356,-1,#CCCCCC
9967858367,4,#B2879C
9967858368,4,#B2879C
9967858372,4,#B2879C
9967968146,4,#B2879C
9967968147,4,#B2879C
9967968153,4,#B2879C
9967968154,4,#B2879C
9967968157,4,#B2879C
9967968158,4,#B2879C
9967968159,-1,#CCCCCC
9967968160,-1,#CCCCCC
9967968161,-1,#CCCCCC
9967968162,-1,#CCCCCC
9967968163,-1,#CCCCCC
9967968164,-1,#CCCCCC
9967968165,-1,#CCCCCC
9967968166,4,#B2879C
9967968167,4,#B2879C
9967968169,-1,#CCCCCC
9967968170,4,#B2879C
9967968177,-1,#CCCCCC
9967968189,4,#B2879C
9967968190,4,#B2879C
9967968200,4,#B2879C
9967968201,4,#B2879C
9969260583,4,#B2879C
9969260584,4,#B2879C
9969260585,4,#B2879C
9969260586,4,#B2879C
9969260587,4,#B2879C
9969260588,4,#B2879C
9969260589,4,#B2879C
9969260590,4,#B2879C
9969260591,4,#B2879C
9969260605,4,#B2879C
9969260606,4,#B2879C
9969260610,4,#B2879C
9969260611,4,#B2879C
9969260612,4,#B2879C
9969260613,4,#B2879C
9969260614,4,#B2879C
9969260615,4,#B2879C
9969260616,4,#B2879C
9969299817,4,#B2879C
9969299818,4,#B2879C
9969299819,4,#B2879C
9969299820,4,#B2879C
9969299821,4,#B2879C
9969299822,-1,#CCCCCC
9969299823,-1,#CCCCCC
9969299824,-1,#CCCCCC
9969299825,-1,#CCCCCC
9969299826,-1,#CCCCCC
9969299827,-1,#CCCCCC
9969299828,-1,#CCCCCC
9969299829,-1,#CCCCCC
9969299838,-1,#CCCCCC
9969299839,-1,#CCCCCC
9969299841,4,#B2879C
9969299845,4,#B2879C
9969299846,4,#B2879C
9969299850,4,#B2879C
9969299854,-1,#CCCCCC
9969299855,-1,#CCCCCC
9969299856,-1,#CCCCCC
9969299857,-1,#CCCCCC
9969299859,-1,#CCCCCC
9969299872,4,#B2879C
9969299877,4,#B2879C
9969299878,4,#B2879C
9969299882,4,#B2879C
9969299884,4,#B2879C
9969299885,4,#B2879C
9969299886,4,#B2879C
9969299906,4,#B2879C
9969306007,4,#B2879C
9969306011,4,#B2879C
9969306015,4,#B2879C
9969323021,4,#B2879C
9969339267,4,#B2879C
9969339269,4,#B2879C
9969339270,4,#B2879C
9969339271,4,#B2879C
9969339282,4,#B2879C
9969339288,4,#B2879C
9969339289,4,#B2879C
9969339298,4,#B2879C
9969339299,4,#B2879C
9969339303,4,#B2879C
9969339311,4,#B2879C
9969394565,4,#B2879C
9969394572,4,#B2879C
9969394573,4,#B2879C
9969394574,4,#B2879C
9969394575,4,#B2879C
9969394576,4,#B2879C
9969394577,4,#B2879C
9969394587,4,#B2879C
9969394588,4,#B2879C
9969394599,4,#B2879C
9969394601,4,#B2879C
9969394604,4,#B2879C
9969394616,4,#B2879C
9969429379,3,#69A8B2
9969429387,4,#B2879C
9969429388,4,#B2879C
9969429391,4,#B2879C
9969429392,4,#B2879C
9969429398,4,#B2879C
9969429399,4,#B2879C
9969429403,4,#B2879C
9969431420,4,#B2879C
9969431426,4,#B2879C
9969431430,4,#B2879C
9969431434,3,#69A8B2
9969431435,3,#69A8B2
9969431440,3,#69A8B2
9969431447,3,#69A8B2
9969431452,3,#69A8B2
9969431460,3,#69A8B2
9969451639,4,#B2879C
9969451640,4,#B2879C
9969539240,3,#69A8B2
9969539248,-1,#CCCCCC
9969539249,3,#69A8B2
9969539258,3,#69A8B2
9969539259,3,#69A8B2
9969539265,3,#69A8B2
9969539281,3,#69A8B2
9969539294,3,#69A8B2
9969539303,3,#69A8B2
9969539304,3,#69A8B2
9969539305,3,#69A8B2
9969539312,3,#69A8B2
9969597547,3,#69A8B2
9969597561,-1,#CCCCCC
9969597568,-1,#CCCCCC
9969597572,-1,#CCCCCC
9969597573,-1,#CCCCCC
9969618500,3,#69A8B2
9969618512,3,#69A8B2
9969618513,3,#69A8B2
9969764649,3,#69A8B2
9969764650,3,#69A8B2
9969764651,3,#69A8B2
9969764652,3,#69A8B2
9969764653,3,#69A8B2
9969764654,3,#69A8B2
9969764655,3,#69A8B2
9969764664,3,#69A8B2
9969764665,3,#69A8B2
9969764666,3,#69A8B2
9969764667,3,#69A8B2
9969764668,3,#69A8B2
9969764669,3,#69A8B2
9969764670,3,#69A8B2
9969764671,3,#69A8B2
9969764672,3,#69A8B2
9969764673,3,#69A8B2
9969764674,3,#69A8B2
9969764682,3,#69A8B2
9969764683,3,#69A8B2
9969764685,3,#69A8B2
9969764686,3,#69A8B2
9969764687,3,#69A8B2
9969764688,3,#69A8B2
9969764694,3,#69A8B2
9969764695,3,#69A8B2
9969764696,3,#69A8B2
9969764697,3,#69A8B2
9969764701,3,#69A8B2
9969764705,3,#69A8B2
9969764710,3,#69A8B2
9969773019,-1,#CCCCCC
9969773023,-1,#CCCCCC
9969773024,-1,#CCCCCC
9969773025,3,#69A8B2
9969773026,3,#69A8B2
9969773034,3,#69A8B2
9969773035,3,#69A8B2
9969773042,3,#69A8B2
9969820906,-1,#CCCCCC
9969820907,-1,#CCCCCC
9969820908,-1,#CCCCCC
9969820909,-1,#CCCCCC
9969820910,-1,#CCCCCC
9969864571,2,#88B28B
9969890828,2,#88B28B
9969890829,2,#88B28B
9969890830,2,#88B28B
9969890831,2,#88B28B
9969890832,2,#88B28B
9969890833,2,#88B28B
9969890834,2,#88B28B
9969890835,2,#88B28B
9969893164,2,#88B28B
9969893165,2,#88B28B
9969893168,2,#88B28B
9969904089,2,#88B28B
9969904090,2,#88B28B
9969904091,2,#88B28B
9969904092,2,#88B28B
9969926184,3,#69A8B2
9969926186,3,#69A8B2
9969931914,2,#88B28B
9969964632,3,#69A8B2
9969964633,3,#69A8B2
9969964634,3,#69A8B2
9969964635,3,#69A8B2
9969964636,3,#69A8B2
9969964637,3,#69A8B2
9969964638,3,#69A8B2
9969964639,3,#69A8B2
9969964641,3,#69A8B2
9969964642,3,#69A8B2
9969964643,3,#69A8B2
9969964644,3,#69A8B2
9969964645,3,#69A8B2
9969964646,3,#69A8B2
9969964649,3,#69A8B2
9969964652,3,#69A8B2
9971817910,3,#69A8B2
9971820807,3,#69A8B2
9971820808,3,#69A8B2
9971820809,3,#69A8B2
9971820810,3,#69A8B2
9971820811,3,#69A8B2
9971868795,3,#69A8B2
9971868796,-1,#CCCCCC
9971868797,-1,#CCCCCC
9971868798,-1,#CCCCCC
9971868799,-1,#CCCCCC
9971868800,-1,#CCCCCC
9971946422,-1,#CCCCCC
9971946423,-1,#CCCCCC
9971946430,-1,#CCCCCC
9971946431,-1,#CCCCCC
9971968032,2,#88B28B
9971968033,2,#88B28B
9971968034,2,#88B28B
9971968035,2,#88B28B
9972072316,2,#88B28B
9972078466,1,#D9985E
9972089565,3,#69A8B2
9972089566,3,#69A8B2
9972089567,3,#69A8B2
9972089568,3,#69A8B2
9972099394,1,#D9985E
9972114493,1,#D9985E
9972114494,1,#D9985E
9972196097,4,#B2879C
9972196098,4,#B2879C
9972196101,4,#B2879C
9972196102,4,#B2879C
9972196103,4,#B2879C
9972196104,4,#B2879C
9972196105,4,#B2879C
9972196106,4,#B2879C
9972196107,4,#B2879C
9972231628,-1,#CCCCCC
9972231629,-1,#CCCCCC
9972242207,2,#88B28B
9972259359,2,#88B28B
9972259360,2,#88B28B
9972259372,2,#88B28B
9972259373,2,#88B28B
9972322900,-1,#CCCCCC
9972322907,-1,#CCCCCC
9972322908,-1,#CCCCCC
9972322909,-1,#CCCCCC
9972322910,-1,#CCCCCC
9972333439,2,#88B28B
9983271838,4,#B2879C
9983271839,4,#B2879C
9985929465,3,#69A8B2
9985929466,3,#69A8B2
9985929467,3,#69A8B2
9985929468,3,#69A8B2
9985929469,3,#69A8B2
9985929470,3,#69A8B2
9985929506,1,#D9985E
9985929512,1,#D9985E
9990436764,2,#88B28B
9990436765,2,#88B28B
9990436811,3,#69A8B2
9990441278,1,#D9985E
9990441279,1,#D9985E
9990441280,1,#D9985E
9990441283,1,#D9985E
9990491995,1,#D9985E
9990491996,1,#D9985E
9990504221,-1,#CCCCCC
9990504222,-1,#CCCCCC
9990504237,-1,#CCCCCC
9990504238,-1,#CCCCCC
9990504239,-1,#CCCCCC
9990504244,-1,#CCCCCC
9990587138,-1,#CCCCCC
9990587139,-1,#CCCCCC
9990587143,-1,#CCCCCC
9990587144,-1,#CCCCCC
9990587145,-1,#CCCCCC
9990587151,-1,#CCCCCC
9990587152,-1,#CCCCCC
9990587154,-1,#CCCCCC
9990587181,2,#88B28B
10002303306,2,#88B28B
10002303312,2,#88B28B
10002303313,2,#88B28B
10002303314,2,#88B28B
10015401113,3,#69A8B2
10015423222,4,#B2879C
10015423236,4,#B2879C
10015423239,3,#69A8B2
10015423248,4,#B2879C
10015423249,4,#B2879C
10015423250,4,#B2879C
10015423251,4,#B2879C
10015423252,4,#B2879C
10015423253,4,#B2879C
10015423270,4,#B2879C
10020230094,-1,#CCCCCC
10036591355,0,#A4653E
10036591356,0,#A4653E
10056471053,2,#88B28B
10173054051,0,#A4653E
10173054052,0,#A4653E
10173054057,0,#A4653E
10173054058,0,#A4653E
10173054063,0,#A4653E
10173054064,0,#A4653E
10173054069,0,#A4653E
10173054070,0,#A4653E
10173054073,0,#A4653E
10173054074,0,#A4653E
10272765974,-1,#CCCCCC
10276022791,4,#B2879C
10277824811,2,#88B28B
10763507840,0,#A4653E
10763507844,0,#A4653E
10763507847,0,#A4653E
10933592971,-1,#CCCCCC
10933592973,-1,#CCCCCC
10970416439,2,#88B28B
10970446436,2,#88B28B
10970458431,2,#88B28B
10970458432,2,#88B28B
10970458433,2,#88B28B
10970458434,2,#88B28B
10970458435,2,#88B28B
10970458436,2,#88B28B
10970458439,2,#88B28B
10970458440,2,#88B28B
10970458441,2,#88B28B
10970473514,2,#88B28B
10970473515,2,#88B28B
10970473516,2,#88B28B
10976659192,2,#88B28B
11007248915,0,#A4653E
11007248916,0,#A4653E
11007248921,0,#A4653E
11007248927,0,#A4653E
11007268133,0,#A4653E
11007268145,0,#A4653E
11027839105,0,#A4653E
11027839106,0,#A4653E
11029714372,-1,#CCCCCC
11029714373,-1,#CCCCCC
11029923190,2,#88B28B
11029923195,2,#88B28B
11029923196,2,#88B28B
11029923197,2,#88B28B
11029923198,2,#88B28B
11035187094,-1,#CCCCCC
11035187095,2,#88B28B
11035187096,2,#88B28B
11035187097,-1,#CCCCCC
11035187098,-1,#CCCCCC
11035187099,3,#69A8B2
11035187100,-1,#CCCCCC
11035187101,-1,#CCCCCC
11035187102,-1,#CCCCCC
11035187103,-1,#CCCCCC
11036812458,-1,#CCCCCC
11036812471,-1,#CCCCCC
11104497351,2,#88B28B
11104497352,2,#88B28B
11104497356,2,#88B28B
11104497364,2,#88B28B
11104497367,2,#88B28B
11104497371,2,#88B28B
11104497373,2,#88B28B
11164850801,-1,#CCCCCC
11164850803,-1,#CCCCCC
11164850804,-1,#CCCCCC
11164889205,-1,#CCCCCC
11281459709,1,#D9985E
11281459732,-1,#CCCCCC
11559113828,2,#88B28B
11559113829,2,#88B28B
11559113830,2,#88B28B
11559559491,4,#B2879C
11573265841,-1,#CCCCCC
11586383839,2,#88B28B
11586383840,2,#88B28B
11586383841,2,#88B28B
12039971324,-1,#CCCCCC
12039971379,-1,#CCCCCC
12039976343,-1,#CCCCCC
12039976345,2,#88B28B
12039978489,-1,#CCCCCC
12041557441,2,#88B28B
12041557444,2,#88B28B
12041557445,2,#88B28B
12041557452,2,#88B28B
12041557453,2,#88B28B
12041630574,-1,#CCCCCC
12041630583,3,#69A8B2
12041630587,-1,#CCCCCC
12041630590,3,#69A8B2
12041630599,3,#69A8B2
12041630600,3,#69A8B2
12043347880,2,#88B28B
12210098547,3,#69A8B2
12210098548,3,#69A8B2
12210258080,4,#B2879C
12210258081,4,#B2879C
12210267030,3,#69A8B2
12210267033,3,#69A8B2
12210300993,0,#A4653E
12210300994,0,#A4653E
12210300995,0,#A4653E
12210703369,3,#69A8B2
12210703373,3,#69A8B2
12210703374,3,#69A8B2
12210703377,3,#69A8B2
12210706037,3,#69A8B2
12211168696,-1,#CCCCCC
12211189741,-1,#CCCCCC
12211190004,-1,#CCCCCC
12211190031,-1,#CCCCCC
12211190073,-1,#CCCCCC
12211196916,-1,#CCCCCC
12293940875,-1,#CCCCCC
12293946212,-1,#CCCCCC
12293946282,1,#D9985E
12293946350,-1,#CCCCCC
12293946366,-1,#CCCCCC
12293946376,-1,#CCCCCC
12293946386,-1,#CCCCCC
12296184514,-1,#CCCCCC
12296184530,-1,#CCCCCC
12296184531,-1,#CCCCCC
12296184546,-1,#CCCCCC
12296184587,-1,#CCCCCC
12296184735,1,#D9985E
12296184736,1,#D9985E
12296184789,1,#D9985E
12311591950,1,#D9985E
12311591951,-1,#CCCCCC
12311591952,1,#D9985E
12311591955,-1,#CCCCCC
12311591973,4,#B2879C
12311591975,1,#D9985E
12311591976,1,#D9985E
12311591977,1,#D9985E
12311591984,1,#D9985E
12311591985,1,#D9985E
12311591992,1,#D9985E
12311591993,1,#D9985E
12311591994,1,#D9985E
12311591997,1,#D9985E
12311622101,1,#D9985E
12311622106,1,#D9985E
12311622129,1,#D9985E
12311622198,1,#D9985E
12311622204,1,#D9985E
12311622213,1,#D9985E
12311622219,1,#D9985E
12311622229,1,#D9985E
12404317455,3,#69A8B2
12404317463,2,#88B28B
12404317465,2,#88B28B
12404317466,2,#88B28B
12404317483,2,#88B28B
12404317489,2,#88B28B
12633270890,3,#69A8B2
12633270891,3,#69A8B2
12649389447,3,#69A8B2
12649389448,3,#69A8B2
12649430644,-1,#CCCCCC
12649430645,-1,#CCCCCC
12649442168,-1,#CCCCCC
12649446121,2,#88B28B
12651915729,2,#88B28B
12651915730,2,#88B28B
12676338226,4,#B2879C
12676338238,4,#B2879C
12676487142,-1,#CCCCCC
12683980291,3,#69A8B2
12683980292,3,#69A8B2
12684036501,2,#88B28B
12692791194,4,#B2879C
12692791195,4,#B2879C
12692791196,4,#B2879C
12692818482,3,#69A8B2
12692818483,3,#69A8B2
12692818484,3,#69A8B2
12692818485,3,#69A8B2
12692818486,3,#69A8B2
12692818487,3,#69A8B2
12692818488,3,#69A8B2
12692818489,3,#69A8B2
12692818490,3,#69A8B2
12692818491,3,#69A8B2
12692818492,3,#69A8B2
12692818493,3,#69A8B2
12692818494,3,#69A8B2
12692818495,3,#69A8B2
12692818496,3,#69A8B2
12692842701,4,#B2879C
12692842702,4,#B2879C
12692842703,4,#B2879C
12692842704,4,#B2879C
12692842705,4,#B2879C
12692842706,4,#B2879C
12704397974,2,#88B28B
12704397975,2,#88B28B
12704452449,2,#88B28B
12704452450,2,#88B28B
12704452451,2,#88B28B
12704452452,2,#88B28B
12870980402,0,#A4653E
12870980403,0,#A4653E
12870980416,0,#A4653E
12870980417,0,#A4653E
12870980418,0,#A4653E
12870980419,0,#A4653E
12870980420,0,#A4653E
12870980422,0,#A4653E
12870980426,0,#A4653E
12901040389,-1,#CCCCCC
12901151886,1,#D9985E
12904059772,4,#B2879C
12904059775,4,#B2879C
12918593059,4,#B2879C
12918629093,4,#B2879C
12918629094,4,#B2879C
12918650725,-1,#CCCCCC
12965577502,-1,#CCCCCC
12965577503,-1,#CCCCCC
13058111928,-1,#CCCCCC
13058111940,-1,#CCCCCC
13058111944,-1,#CCCCCC
13068092441,3,#69A8B2
